{
  "dataset": "etri_tst-COMMON_processed.jsonl",
  "model": "mistralai/Voxtral-Mini-3B-2507",
  "total_samples": 10,
  "tokenize_method": "character",
  "corpus_bleu": 28.06069427461561,
  "corpus_bleu1": 58.333333333333336,
  "corpus_bleu2": 36.46408839779006,
  "corpus_bleu3": 25.0,
  "corpus_bleu4": 17.54385964912281,
  "avg_bleu": 28.525130728629584,
  "avg_meteor": 48.34532010998784,
  "avg_bertscore_f1": 92.82681584358215,
  "prompt": "다음 영어 문장을 정보의 추가나 삭제 없이 정확하게 한국어로 번역하시오.",
  "elapsed_time_seconds": 5.512948036193848,
  "timestamp": "2026-03-10T23:36:21.877453"
}