{
  "dataset": "etri_tst-HE_processed.jsonl",
  "model": "mistralai/Voxtral-Mini-3B-2507",
  "total_samples": 544,
  "tokenize_method": "character",
  "corpus_bleu": 25.89098739388214,
  "corpus_bleu1": 51.25222854232108,
  "corpus_bleu2": 31.333101590336316,
  "corpus_bleu3": 20.560747663551403,
  "corpus_bleu4": 13.60941348171121,
  "avg_bleu": 25.449984797276258,
  "avg_meteor": 49.18410366999294,
  "avg_bertscore_f1": 92.7680434549556,
  "prompt": "이 오디오를 한국어로 번역해 주세요. 번역 결과만 출력하고 다른 텍스트는 출력하지 마세요.",
  "elapsed_time_seconds": 117.06638145446777,
  "timestamp": "2026-03-11T00:41:09.809084"
}