{
  "dataset": "etri_tst-COMMON_processed.jsonl",
  "model": "google/gemma-3n-E4B-it",
  "total_samples": 2532,
  "tokenize_method": "character",
  "corpus_bleu": 5.506009210568224,
  "corpus_bleu1": 21.824033234177865,
  "corpus_bleu2": 8.612509939040551,
  "corpus_bleu3": 4.561806666940238,
  "corpus_bleu4": 2.356764394206994,
  "avg_bleu": 5.1704245727847375,
  "avg_meteor": 16.974324768945,
  "avg_bertscore_f1": 87.38799351510278,
  "prompt": "다음 영어 문장을 정보의 추가나 삭제 없이 정확하게 한국어로 번역하시오.",
  "elapsed_time_seconds": 750.5810928344727,
  "timestamp": "2026-03-06T14:17:49.895527"
}