{
  "dataset": "etri_tst-COMMON_processed.jsonl",
  "model": "Qwen/Qwen3-Omni-30B-A3B-Instruct",
  "total_samples": 2532,
  "tokenize_method": "character",
  "corpus_bleu": 30.635778536584553,
  "corpus_bleu1": 58.22698146107682,
  "corpus_bleu2": 36.82254499873553,
  "corpus_bleu3": 24.61886451029179,
  "corpus_bleu4": 16.688203587934666,
  "avg_bleu": 27.574237198743337,
  "avg_meteor": 51.54088092804721,
  "avg_bertscore_f1": 93.369509501009,
  "prompt": "다음 문장의 의미를 그대로 유지한 채 한국어로 번역하고 번역 결과만 출력하시오.",
  "elapsed_time_seconds": 307.12495160102844,
  "timestamp": "2026-03-06T02:14:00.623749"
}