{
  "dataset": "etri_tst-HE_processed.jsonl",
  "model": "Qwen/Qwen2-Audio-7B-Instruct",
  "total_samples": 544,
  "tokenize_method": "character",
  "corpus_bleu": 18.165568299387797,
  "corpus_bleu1": 40.97728606152041,
  "corpus_bleu2": 22.829347732921917,
  "corpus_bleu3": 13.83286566117152,
  "corpus_bleu4": 8.414864015797505,
  "avg_bleu": 18.10179332282516,
  "avg_meteor": 39.66793488208036,
  "avg_bertscore_f1": 91.49013866177377,
  "prompt": "다음 영어 문장을 정보의 추가나 삭제 없이 정확하게 한국어로 번역하시오.",
  "elapsed_time_seconds": 131.31829953193665,
  "timestamp": "2026-03-06T08:44:53.530058"
}